Workbook

Sheet Risk Dashboard
A1: MEDCLOUD SOLUTIONS
A2: Information Security Risk Dashboard
A4: Metric | B4: Value | D4: Risk Level | E4: Count
A5: Total Risks | B5: =COUNTA('Risk Register'!A2:A13) | D5: Critical | E5: =COUNTIF('Risk Register'!I2:I13,"Critical")
A6: Critical Risks | B6: =COUNTIF('Risk Register'!I2:I13,"Critical") | D6: High | E6: =COUNTIF('Risk Register'!I2:I13,"High")
A7: High Risks | B7: =COUNTIF('Risk Register'!I2:I13,"High") | D7: Medium | E7: =COUNTIF('Risk Register'!I2:I13,"Medium")
A8: Medium Risks | B8: =COUNTIF('Risk Register'!I2:I13,"Medium") | D8: Low | E8: =COUNTIF('Risk Register'!I2:I13,"Low")
A9: Low Risks | B9: =COUNTIF('Risk Register'!I2:I13,"Low")
A10: Open Risks | B10: =COUNTIF('Risk Register'!N2:N13,"Open")
A22: Company | B22: MedCloud Solutions
A23: Industry | B23: Healthcare SaaS
A24: Employees | B24: 80
A25: Assessment Type | B25: Mock GRC Risk Assessment
A26: Assessment Date | B26: 46254

Sheet Risk Register
A1: Risk ID | B1: Risk Description | C1: Asset | D1: Threat | E1: Vulnerability | F1: Likelihood (1-5) | G1: Impact (1-5) | H1: Risk Score | I1: Risk Level | J1: Risk Treatment | K1: Control / Mitigation | L1: Risk Owner | M1: Target Date | N1: Status
A2: R-001 | B2: Unauthorized access to patient records | C2: Patient Database | D2: Credential theft | E2: MFA not enforced for all privileged/remote accounts | F2: 4 | G2: 5 | H2: =F2*G2 | I2: =IF(H2>=16,"Critical",IF(H2>=10,"High",IF(H2>=5,"Medium","Low"))) | J2: Mitigate | K2: Enforce MFA and review privileged access monthly | L2: IT Manager | M2: 46285 | N2: Open
A3: R-002 | B3: Ransomware could disrupt services and cause data loss | C3: Production Systems | D3: Ransomware | E3: Backups are not regularly restore-tested | F3: 3 | G3: 5 | H3: =F3*G3 | I3: =IF(H3>=16,"Critical",IF(H3>=10,"High",IF(H3>=5,"Medium","Low"))) | J3: Mitigate | K3: Implement immutable backups and quarterly restore tests | L3: IT Manager | M3: 46300 | N3: Open
A4: R-003 | B4: Phishing could compromise employee accounts | C4: Microsoft 365 Accounts | D4: Phishing | E4: Limited security awareness training and simulations | F4: 4 | G4: 4 | H4: =F4*G4 | I4: =IF(H4>=16,"Critical",IF(H4>=10,"High",IF(H4>=5,"Medium","Low"))) | J4: Mitigate | K4: Conduct annual training and quarterly phishing simulations | L4: Security Manager | M4: 46280 | N4: Open
A5: R-004 | B5: Backup failure could prevent recovery after an incident | C5: Backup Repository | D5: Hardware/software failure | E5: No documented recovery testing evidence | F5: 3 | G5: 5 | H5: =F5*G5 | I5: =IF(H5>=16,"Critical",IF(H5>=10,"High",IF(H5>=5,"Medium","Low"))) | J5: Mitigate | K5: Document backup ownership and perform quarterly recovery tests | L5: Infrastructure Lead | M5: 46305 | N5: Open
A6: R-005 | B6: Excessive privileges could enable unauthorized data access | C6: IAM | D6: Privilege abuse | E6: Access reviews are not performed consistently | F6: 4 | G6: 4 | H6: =F6*G6 | I6: =IF(H6>=16,"Critical",IF(H6>=10,"High",IF(H6>=5,"Medium","Low"))) | J6: Mitigate | K6: Implement RBAC and quarterly user access reviews | L6: IAM Administrator | M6: 46295 | N6: Open
A7: R-006 | B7: Cloud misconfiguration could expose sensitive data | C7: Cloud Storage | D7: Misconfiguration | E7: Configuration reviews and monitoring are incomplete | F7: 3 | G7: 5 | H7: =F7*G7 | I7: =IF(H7>=16,"Critical",IF(H7>=10,"High",IF(H7>=5,"Medium","Low"))) | J7: Mitigate | K7: Enable configuration monitoring and periodic security reviews | L7: Cloud Administrator | M7: 46296 | N7: Open
A8: R-007 | B8: Third-party vendor breach could expose company data | C8: Vendor Services | D8: Supply-chain compromise | E8: Vendor security assessments are informal | F8: 3 | G8: 4 | H8: =F8*G8 | I8: =IF(H8>=16,"Critical",IF(H8>=10,"High",IF(H8>=5,"Medium","Low"))) | J8: Mitigate | K8: Introduce vendor due diligence and annual reassessment | L8: Compliance Manager | M8: 46310 | N8: Open
A9: R-008 | B9: Insider data leakage could expose confidential information | C9: Patient Records | D9: Insider threat | E9: Data access monitoring is limited | F9: 2 | G9: 5 | H9: =F9*G9 | I9: =IF(H9>=16,"Critical",IF(H9>=10,"High",IF(H9>=5,"Medium","Low"))) | J9: Mitigate | K9: Apply least privilege and monitor sensitive-data access | L9: Security Manager | M9: 46315 | N9: Open
A10: R-009 | B10: Unpatched systems could be exploited | C10: Endpoints/Servers | D10: Exploitation | E10: Patch management SLA is not consistently enforced | F10: 4 | G10: 4 | H10: =F10*G10 | I10: =IF(H10>=16,"Critical",IF(H10>=10,"High",IF(H10>=5,"Medium","Low"))) | J10: Mitigate | K10: Define patch SLAs and track exceptions | L10: Infrastructure Lead | M10: 46290 | N10: Open
A11: R-010 | B11: Lost employee laptop could expose company information | C11: Employee Laptop | D11: Device loss/theft | E11: Encryption and remote-wipe coverage may be incomplete | F11: 3 | G11: 3 | H11: =F11*G11 | I11: =IF(H11>=16,"Critical",IF(H11>=10,"High",IF(H11>=5,"Medium","Low"))) | J11: Mitigate | K11: Enforce full-disk encryption and MDM remote wipe | L11: IT Manager | M11: 46295 | N11: Open
A12: R-011 | B12: Weak incident response could increase business impact | C12: Incident Response Process | D12: Security incident | E12: Playbook has not been tested through a tabletop exercise | F12: 3 | G12: 4 | H12: =F12*G12 | I12: =IF(H12>=16,"Critical",IF(H12>=10,"High",IF(H12>=5,"Medium","Low"))) | J12: Mitigate | K12: Conduct a tabletop exercise and update the playbook | L12: Security Manager | M12: 46320 | N12: Open
A13: R-012 | B13: Poor employee offboarding could leave accounts active | C13: User Accounts | D13: Account misuse | E13: Joiner/mover/leaver process is not fully documented | F13: 3 | G13: 4 | H13: =F13*G13 | I13: =IF(H13>=16,"Critical",IF(H13>=10,"High",IF(H13>=5,"Medium","Low"))) | J13: Mitigate | K13: Formalize offboarding checklist and disable accounts promptly | L13: HR Manager | M13: 46285 | N13: Open

Sheet Risk Matrix
A1: MedCloud Solutions — 5×5 Risk Matrix
A3: Likelihood ↓ / Impact → | B3: 1 | C3: 2 | D3: 3 | E3: 4 | F3: 5
A4: 5 | B4: 5 | C4: 10 | D4: 15 | E4: 20 | F4: 25
A5: 4 | B5: 4 | C5: 8 | D5: 12 | E5: 16 | F5: 20
A6: 3 | B6: 3 | C6: 6 | D6: 9 | E6: 12 | F6: 15
A7: 2 | B7: 2 | C7: 4 | D7: 6 | E7: 8 | F7: 10
A8: 1 | B8: 1 | C8: 2 | D8: 3 | E8: 4 | F8: 5
A10: Score | B10: Level | C10: Action
A11: 1–4 | B11: Low | C11: Monitor / minor improvement
A12: 5–9 | B12: Medium | C12: Planned remediation
A13: 10–15 | B13: High | C13: Prioritized remediation
A14: 16–25 | B14: Critical | C14: Immediate management attention
